1,Terry,Medhurst,50,atuny0@sohu.com,atuny0
2,Sheldon,Quigley,28,hbingley1@plala.or.jp,hbingley1
3,Terrill,Hills,38,rshawe2@51.la,rshawe2
4,Miles,Cummerata,49,yraigatt3@nature.com,yraigatt3
5,Mavis,Schultz,38,kmeus4@upenn.edu,kmeus4
6,Alison,Reichert,21,jtreleven5@nhs.uk,jtreleven5
7,Oleta,Abbott,31,dpettegre6@columbia.edu,dpettegre6
8,Ewell,Mueller,29,ggude7@chron.com,ggude7
9,Demetrius,Corkery,22,nloiterton8@aol.com,nloiterton8
10,Eleanora,Price,37,umcgourty9@jalbum.net,umcgourty9
11,Marcel,Jones,39,acharlota@liveinternet.ru,acharlota
12,Assunta,Rath,42,rhallawellb@dropbox.com,rhallawellb
13,Trace,Douglas,26,lgribbinc@posterous.com,lgribbinc
14,Enoch,Lynch,21,mturleyd@tumblr.com,mturleyd
15,Jeanne,Halvorson,26,kminchelle@qq.com,kminchelle
16,Trycia,Fadel,41,dpierrof@vimeo.com,dpierrof
17,Bradford,Prohaska,43,vcholdcroftg@ucoz.com,vcholdcroftg
18,Arely,Skiles,42,sberminghamh@chron.com,sberminghamh
19,Gust,Purdy,46,bleveragei@so-net.ne.jp,bleveragei
20,Lenna,Renner,41,aeatockj@psu.edu,aeatockj
21,Doyle,Ernser,23,ckensleyk@pen.io,ckensleyk
22,Tressa,Weber,41,froachel@howstuffworks.com,froachel
23,Felicity,O'Reilly,46,beykelhofm@wikispaces.com,beykelhofm
24,Jocelyn,Schuster,19,brickeardn@fema.gov,brickeardn
25,Edwina,Ernser,21,dfundello@amazon.co.jp,dfundello
26,Griffin,Braun,35,lgronaverp@cornell.edu,lgronaverp
27,Piper,Schowalter,47,fokillq@amazon.co.jp,fokillq
28,Kody,Terry,28,xisherwoodr@ask.com,xisherwoodr
29,Macy,Greenfelder,45,jissetts@hostgator.com,jissetts
30,Maurine,Stracke,31,kdulyt@umich.edu,kdulyt
